"","PA.#","PA.Name","Total.GW.AG","Total.GW.Urban","Total.GW.MW","Total.GW.Use","Total.Supply.AG.(includes.Reuse)","Total.Supply.Urban.(includes.Reuse)","Total.Supply.MW.(includes.Reuse)","Year","Region"
"1",101,"Upper Klamath",153.2,7.8,2.7,163.7,452.2,11.6,199.3,"2005",NA
"2",102,"Lower Klamath",9.6,5.3,0,14.9,19.5,11.4,0,"2005",NA
"3",103,"Coastal",43.8,18.6,0,62.4,56.2,47,0,"2005",NA
"4",104,"Russian River",24.9,32.3,0,57.2,58.4,83.1,0,"2005",NA
"5",201,"North Bay",28.1,13.3,0,41.4,63.7,152.8,0.7,"2005","San Francisco Bay Area"
"6",202,"South Bay",24.3,185.2,0,209.5,25.3,1072.5,1,"2005","San Francisco Bay Area"
"7",301,"Northern",494.4,104.7,0,599.1,560.9,133.8,0.4,"2005","Central Coast"
"8",302,"Southern",303.8,73.8,0,377.6,337.5,134.6,0,"2005","Central Coast"
"9",401,"Santa Clara",2.2,50.8,0,53,260.4,295.1,0,"2005","Southern California"
"10",402,"Metropolitan LA",2.8,604.6,0,607.4,4.9,1835.5,25.8,"2005","Southern California"
"11",403,"Santa Ana",114.9,372.6,0,487.5,124.6,1066.2,5.4,"2005","Southern California"
"12",404,"San Diego",17.2,72.5,0,89.7,223.8,712.2,1,"2005","Southern California"
"13",501,"Shasta - Pit",70.4,11.5,0,81.9,286.8,16.7,14.1,"2005","Sacramento River Region"
"14",502,"Upper Northwest Valley",1.3,0.4,0,1.7,8.5,0.6,0,"2005","Sacramento River Region"
"15",503,"Lower Northwest Valley",225.7,44.9,0,270.6,435.1,61.1,0.2,"2005","Sacramento River Region"
"16",504,"Northeast Valley",152.7,40.3,0,193,268.3,78,1,"2005","Sacramento River Region"
"17",505,"Southwest",35.9,6,0,41.9,47.1,10,0,"2005","Sacramento River Region"
"18",506,"Colusa Basin",443.1,12.1,8.7,463.9,1901.1,12.1,169.9,"2005","Sacramento River Region"
"19",507,"Butte - Sutter - Yuba",465.7,44.4,13.4,523.5,2265,62.8,183.6,"2005","Sacramento River Region"
"20",508,"Southeast",39.9,21.1,0,61,318.6,122.2,2,"2005","Sacramento River Region"
"21",509,"Central Basin West",406.9,31.4,0,438.3,707.1,54.2,0,"2005","Sacramento River Region"
"22",510,"Sacramento Delta",14.1,2.1,0,16.2,417.4,20.6,54.2,"2005","Delta Region"
"23",511,"Central Basin East",187.3,166.4,0,353.7,442.7,377.6,1.7,"2005","Sacramento River Region"
"24",601,"Upper West Side Uplands",20.3,15.6,0,35.9,26.7,47.7,0,"2005","San Joaquin Valley"
"25",602,"San Joaquin Delta",0,33.1,0,33.1,820,77.2,1.8,"2005","Delta Region"
"26",603,"Eastern Valley Floor",312.5,63.4,0.8,376.7,591.9,127.2,0.8,"2005","Delta Eastside Tributaries"
"27",604,"Sierra Foothills",0.2,1.3,0,1.5,12.4,48.9,0,"2005","Delta Eastside Tributaries"
"28",605,"West Side Uplands",0,0,0,0,0,0,0,"2005","San Joaquin Valley"
"29",606,"Valley West Side",269.6,25.9,176.3,471.8,1319.5,29.1,408.5,"2005","San Joaquin Valley"
"30",607,"Upper Valley East Side",81.9,150.1,0,232,833.3,150.1,0,"2005","San Joaquin Valley"
"31",608,"Middle Valley East Side",138.9,78.2,0,217.1,892.5,78.2,0,"2005","San Joaquin Valley"
"32",609,"Lower Valley East Side",863.5,92.1,10.2,965.8,1847.7,92.2,46.7,"2005","San Joaquin Valley"
"33",610,"East Side Uplands",2.3,15,0,17.3,2.3,15,0,"2005","San Joaquin Valley"
"34",701,"Western Uplands",0.3,2,0,2.3,0.3,2,0,"2005","San Joaquin Valley"
"35",702,"San Luis West Side",220,8.5,0,228.5,1283.6,19,0,"2005","San Joaquin Valley"
"36",703,"Lower Kings-Tulare",931.8,40.8,0,972.6,1835.1,40.8,34.5,"2005","San Joaquin Valley"
"37",704,"Fresno - Academy",10.3,191.7,0,202,505.6,267.1,0,"2005","San Joaquin Valley"
"38",705,"Alta - Orange Cove",165,53,0,218,815.8,54.9,0,"2005","San Joaquin Valley"
"39",706,"Kaweah Delta",730.1,109,2.8,841.9,2237.2,111.3,2.8,"2005","San Joaquin Valley"
"40",707,"Uplands",22.1,12.6,0,34.7,23.7,17.9,0,"2005","San Joaquin Valley"
"41",708,"Semitropic - Buena Vista",370.8,2.5,23.1,396.4,1040.7,8,43,"2005","San Joaquin Valley"
"42",709,"Kern Valley Floor",277.1,29.1,0,306.2,697,29.1,0,"2005","San Joaquin Valley"
"43",710,"Kern Delta",197.9,103.1,0,301,1428.5,156.2,0,"2005","San Joaquin Valley"
"44",801,"Lassen",102.8,16.9,6.3,126,237.7,20,16.6,"2005",NA
"45",802,"Alpine",0.7,15.2,0,15.9,144,20.2,0,"2005",NA
"46",901,"Mono-Owens",102.8,9.1,0,111.9,143.5,10.6,0,"2005","Southern California"
"47",902,"Indian Wells",8.5,18,0,26.5,8.5,18.4,0,"2005","Southern California"
"48",903,"Death Valley",9.1,4.1,0,13.2,9.1,4.1,0,"2005","Southern California"
"49",904,"Antelope Valley",62.1,24.8,0,86.9,72.2,116.9,0,"2005","Southern California"
"50",905,"Mojave River",51.2,93.9,0,145.1,83,120,0,"2005","Southern California"
"51",1001,"Twenty-Nine Palms - Lanfair",9.8,14.5,0,24.3,9.8,14.5,0,"2005","Southern California"
"52",1002,"Coachella",20,351.2,0,371.2,249.4,562.4,0,"2005","Southern California"
"53",1003,"Chuckwalla",2.4,2.2,0,4.6,2.4,2.3,0,"2005","Southern California"
"54",1004,"Colorado River",0.2,9.3,0,9.5,622.8,12.2,0,"2005","Southern California"
"55",1005,"Borrego",13.3,6.3,0,19.6,41,6.7,0,"2005","Southern California"
"56",1006,"Imperial Valley",0,0.1,0,0.1,2518.3,115.8,30.3,"2005","Southern California"
"57",101,"Upper Klamath",197.7,7.4,2.4,207.5,588.1,11.3,329.9,"2006",NA
"58",102,"Lower Klamath",7.7,6,0,13.7,28.4,12.6,0,"2006",NA
"59",103,"Coastal",74.9,18.2,0,93.1,96.9,48.8,0,"2006",NA
"60",104,"Russian River",50.6,23,0,73.6,77.3,68.3,0,"2006",NA
"61",201,"North Bay",57.6,16.7,0,74.3,80,146.6,0.7,"2006","San Francisco Bay Area"
"62",202,"South Bay",20.9,151.9,0,172.8,26.1,985.5,0,"2006","San Francisco Bay Area"
"63",301,"Northern",455.8,153.5,0,609.3,500.4,182.9,0.4,"2006","Central Coast"
"64",302,"Southern",249.4,72.3,0,321.7,278.4,131.9,0,"2006","Central Coast"
"65",401,"Santa Clara",193,38.6,0,231.6,243.6,247.2,0,"2006","Southern California"
"66",402,"Metropolitan LA",2.2,679.9,0,682.1,4.2,1822.5,27,"2006","Southern California"
"67",403,"Santa Ana",130.3,626.1,0,756.4,158.2,1399,4.1,"2006","Southern California"
"68",404,"San Diego",38.3,31.5,0,69.8,271.2,825.3,0,"2006","Southern California"
"69",501,"Shasta - Pit",84.1,11.5,0,95.6,338.3,17.3,7.8,"2006","Sacramento River Region"
"70",502,"Upper Northwest Valley",1.3,0.4,0,1.7,6,0.6,0,"2006","Sacramento River Region"
"71",503,"Lower Northwest Valley",208.5,45.1,0,253.6,424.8,57.7,0.1,"2006","Sacramento River Region"
"72",504,"Northeast Valley",170.6,42.1,0,212.7,300.8,81.5,1,"2006","Sacramento River Region"
"73",505,"Southwest",39.6,5.1,0,44.7,49.3,8.4,0,"2006","Sacramento River Region"
"74",506,"Colusa Basin",392.7,13.4,8.8,414.9,1942.2,13.5,156.4,"2006","Sacramento River Region"
"75",507,"Butte - Sutter - Yuba",455.7,49.8,11,516.5,2290.3,70.3,284,"2006","Sacramento River Region"
"76",508,"Southeast",42.8,23.8,0,66.6,318.2,130.5,15.8,"2006","Sacramento River Region"
"77",509,"Central Basin West",434.4,53,0,487.4,765.6,78.5,0,"2006","Sacramento River Region"
"78",510,"Sacramento Delta",18.1,1.5,0,19.6,452,25.6,14.8,"2006","Delta Region"
"79",511,"Central Basin East",188.8,175.5,0,364.3,385.5,470.1,0,"2006","Sacramento River Region"
"80",601,"Upper West Side Uplands",3.1,1.6,0,4.7,27.1,63.3,0,"2006","San Joaquin Valley"
"81",602,"San Joaquin Delta",0.7,41.9,0,42.6,666.4,87.1,1.7,"2006","Delta Region"
"82",603,"Eastern Valley Floor",560.2,60.2,0,620.4,692,119.1,0.8,"2006","Delta Eastside Tributaries"
"83",604,"Sierra Foothills",1.4,2.8,0,4.2,16.2,39.2,0,"2006","Delta Eastside Tributaries"
"84",605,"West Side Uplands",0,0,0,0,0,0,0,"2006","San Joaquin Valley"
"85",606,"Valley West Side",441.6,27.5,136.7,605.8,1512.9,31.9,426.1,"2006","San Joaquin Valley"
"86",607,"Upper Valley East Side",112,94.9,0,206.9,868.7,148.4,13,"2006","San Joaquin Valley"
"87",608,"Middle Valley East Side",213.7,77.9,0,291.6,919.8,77.9,0,"2006","San Joaquin Valley"
"88",609,"Lower Valley East Side",919.8,92.7,8.4,1020.9,2008.5,93,42.2,"2006","San Joaquin Valley"
"89",610,"East Side Uplands",3.3,14.4,0,17.7,3.3,14.8,0,"2006","San Joaquin Valley"
"90",701,"Western Uplands",0.3,1.9,0,2.2,0.3,1.9,0,"2006","San Joaquin Valley"
"91",702,"San Luis West Side",283.6,9.3,0,292.9,1485.6,20.7,0,"2006","San Joaquin Valley"
"92",703,"Lower Kings-Tulare",947.1,41.4,3.6,992.1,1954.3,41.5,29.1,"2006","San Joaquin Valley"
"93",704,"Fresno - Academy",11.9,200.8,0,212.7,499.1,273.4,0,"2006","San Joaquin Valley"
"94",705,"Alta - Orange Cove",158.9,57.8,0,216.7,859.8,59.5,0,"2006","San Joaquin Valley"
"95",706,"Kaweah Delta",849,114.2,3.3,966.5,2213.2,115.8,3.3,"2006","San Joaquin Valley"
"96",707,"Uplands",28.1,14.8,0,42.9,29.6,19,0,"2006","San Joaquin Valley"
"97",708,"Semitropic - Buena Vista",335.3,22.3,22.2,379.8,1190.6,26.1,44,"2006","San Joaquin Valley"
"98",709,"Kern Valley Floor",52.2,33.3,0,85.5,759.5,33.3,0,"2006","San Joaquin Valley"
"99",710,"Kern Delta",317.8,79.3,0,397.1,1457.4,148.6,0,"2006","San Joaquin Valley"
"100",801,"Lassen",115.5,19.3,11.6,146.4,293.6,22.7,23.2,"2006",NA
"101",802,"Alpine",0.5,18.5,0,19,143.2,21.9,0,"2006",NA
"102",901,"Mono-Owens",124.6,11,0,135.6,175,12.2,0,"2006","Southern California"
"103",902,"Indian Wells",9.9,19.3,0,29.2,9.9,19.7,0,"2006","Southern California"
"104",903,"Death Valley",11.4,4.2,0,15.6,11.4,4.2,0,"2006","Southern California"
"105",904,"Antelope Valley",44.5,36.6,0,81.1,86.9,125.3,0,"2006","Southern California"
"106",905,"Mojave River",52.5,97.1,0,149.6,102.2,136.5,0,"2006","Southern California"
"107",1001,"Twenty-Nine Palms - Lanfair",11.4,15,0,26.4,11.4,19.9,0,"2006","Southern California"
"108",1002,"Coachella",17.9,280.1,0,298,267.2,528.1,0,"2006","Southern California"
"109",1003,"Chuckwalla",2.7,2.2,0,4.9,2.7,2.3,0,"2006","Southern California"
"110",1004,"Colorado River",0.5,10.5,0,11,721.3,13.5,0,"2006","Southern California"
"111",1005,"Borrego",16.1,7.3,0,23.4,45.6,8,0,"2006","Southern California"
"112",1006,"Imperial Valley",0,0.1,0,0.1,2793,86.4,30.3,"2006","Southern California"
"113",101,"Upper Klamath",196.9,7.7,2.5,207.1,586.2,11.7,294,"2007",NA
"114",102,"Lower Klamath",8.9,5.6,0,14.5,33.3,11.4,0,"2007",NA
"115",103,"Coastal",76.6,19.4,0,96,99.6,50.8,0,"2007",NA
"116",104,"Russian River",55.35,24.6,0,79.95,87.7,69.5,0,"2007",NA
"117",201,"North Bay",69.6,27.5,0,97.1,90.7,157,1,"2007","San Francisco Bay Area"
"118",202,"South Bay",21.9,148.5,0,170.4,27.4,1009.7,0,"2007","San Francisco Bay Area"
"119",301,"Northern",660.6,160.1,0,820.7,688.3,184.2,0.5,"2007","Central Coast"
"120",302,"Southern",464.6,87.7,0,552.3,501.6,147.2,0,"2007","Central Coast"
"121",401,"Santa Clara",266.9,48.4,0,315.3,335.5,232.7,0,"2007","Southern California"
"122",402,"Metropolitan LA",4.1,683.3,0,687.4,7.6,1781.4,27,"2007","Southern California"
"123",403,"Santa Ana",166.8,564.3,0,731.1,186,1413.2,5.3,"2007","Southern California"
"124",404,"San Diego",45.6,23,0,68.6,304.5,897.9,0,"2007","Southern California"
"125",501,"Shasta - Pit",93.2,11.4,0,104.6,371.9,17,8.1,"2007","Sacramento River Region"
"126",502,"Upper Northwest Valley",1.6,0.4,0,2,7.8,0.6,0,"2007","Sacramento River Region"
"127",503,"Lower Northwest Valley",263.7,46,0,309.7,524.3,58.4,0.2,"2007","Sacramento River Region"
"128",504,"Northeast Valley",199.9,42.2,0,242.1,348.6,81.1,1.2,"2007","Sacramento River Region"
"129",505,"Southwest",43.6,4.4,0,48,54.4,9.2,0,"2007","Sacramento River Region"
"130",506,"Colusa Basin",548.8,15.5,9.6,573.9,2060,15.6,168.5,"2007","Sacramento River Region"
"131",507,"Butte - Sutter - Yuba",562.9,49.5,10.1,622.5,2559.5,73.1,289.7,"2007","Sacramento River Region"
"132",508,"Southeast",38.7,25.7,0,64.4,335,112.8,17.1,"2007","Sacramento River Region"
"133",509,"Central Basin West",473.8,47.7,0,521.5,923.8,78.5,0,"2007","Sacramento River Region"
"134",510,"Sacramento Delta",23,2.7,0,25.7,624.3,30.7,16.1,"2007","Delta Region"
"135",511,"Central Basin East",235.2,211,0,446.2,461.3,436.6,0,"2007","Sacramento River Region"
"136",601,"Upper West Side Uplands",1.1,2.4,0,3.5,33.9,64.7,0,"2007","San Joaquin Valley"
"137",602,"San Joaquin Delta",1.3,30.8,0,32.1,926.6,93.2,1.9,"2007","Delta Region"
"138",603,"Eastern Valley Floor",694.8,57.9,0,752.7,851.4,131,0.8,"2007","Delta Eastside Tributaries"
"139",604,"Sierra Foothills",1.6,3.1,0,4.7,17.4,41.3,0,"2007","Delta Eastside Tributaries"
"140",605,"West Side Uplands",0,0,0,0,0,0,0,"2007","San Joaquin Valley"
"141",606,"Valley West Side",556,31.8,185.3,773.1,1765.6,35.4,454.9,"2007","San Joaquin Valley"
"142",607,"Upper Valley East Side",107.4,93.8,4.4,205.6,956.4,150.3,12.9,"2007","San Joaquin Valley"
"143",608,"Middle Valley East Side",335.4,79,0,414.4,1053.1,79,0,"2007","San Joaquin Valley"
"144",609,"Lower Valley East Side",1288.5,97.3,11.7,1397.5,2159,97.5,45.3,"2007","San Joaquin Valley"
"145",610,"East Side Uplands",3.1,16.8,0,19.9,3.1,17.5,0,"2007","San Joaquin Valley"
"146",701,"Western Uplands",0.3,1.9,0,2.2,0.3,1.9,0,"2007","San Joaquin Valley"
"147",702,"San Luis West Side",570.9,10.3,0,581.2,1705.2,22.4,0,"2007","San Joaquin Valley"
"148",703,"Lower Kings-Tulare",1563,48.9,0,1611.9,2140.6,49,29.8,"2007","San Joaquin Valley"
"149",704,"Fresno - Academy",120.6,232.7,0,353.3,472.4,291,0,"2007","San Joaquin Valley"
"150",705,"Alta - Orange Cove",688.3,64,0,752.3,928.6,66.1,0,"2007","San Joaquin Valley"
"151",706,"Kaweah Delta",2007.7,116.6,3.3,2127.6,2457.5,121.5,3.3,"2007","San Joaquin Valley"
"152",707,"Uplands",35,13.7,0,48.7,36.6,19.8,0,"2007","San Joaquin Valley"
"153",708,"Semitropic - Buena Vista",618.7,21.2,23.9,663.8,1163,33.8,45.5,"2007","San Joaquin Valley"
"154",709,"Kern Valley Floor",363.8,28.9,0,392.7,820.9,35.2,0,"2007","San Joaquin Valley"
"155",710,"Kern Delta",718.8,118.4,0,837.2,1341.9,167.2,0,"2007","San Joaquin Valley"
"156",801,"Lassen",129.8,19,11.6,160.4,328.7,22.6,23.7,"2007",NA
"157",802,"Alpine",0.5,19.2,0,19.7,150,22.8,0,"2007",NA
"158",901,"Mono-Owens",159.2,11.2,0,170.4,198.1,12.3,0,"2007","Southern California"
"159",902,"Indian Wells",10.8,20.8,0,31.6,10.8,21.2,0,"2007","Southern California"
"160",903,"Death Valley",11.9,4,0,15.9,11.9,4,0,"2007","Southern California"
"161",904,"Antelope Valley",67,28.1,0,95.1,85.4,141.9,0,"2007","Southern California"
"162",905,"Mojave River",58.6,105.1,0,163.7,105.2,142.6,0,"2007","Southern California"
"163",1001,"Twenty-Nine Palms - Lanfair",12.3,17.2,0,29.5,12.3,22.2,0,"2007","Southern California"
"164",1002,"Coachella",23.2,281.8,0,305,266.1,460.4,0,"2007","Southern California"
"165",1003,"Chuckwalla",2.8,2.1,0,4.9,2.8,2.2,0,"2007","Southern California"
"166",1004,"Colorado River",0.7,10.8,0,11.5,749.3,13.8,0,"2007","Southern California"
"167",1005,"Borrego",16,8.7,0,24.7,45.6,9.5,0,"2007","Southern California"
"168",1006,"Imperial Valley",0,0.2,0,0.2,2600.5,88.7,30.3,"2007","Southern California"
"169",101,"Upper Klamath",188.5,6.2,2.5,197.2,563,9.9,276.4,"2008",NA
"170",102,"Lower Klamath",9.7,5.4,0,15.1,34.8,11.7,0,"2008",NA
"171",103,"Coastal",75.7,17.7,0,93.4,98.7,48.1,0,"2008",NA
"172",104,"Russian River",57.9,30.3,0,88.2,85.2,80.5,0,"2008",NA
"173",201,"North Bay",74.7,25.3,0,100,94.9,154.8,1,"2008","San Francisco Bay Area"
"174",202,"South Bay",19.4,161.1,0,180.5,20.4,935.7,0,"2008","San Francisco Bay Area"
"175",301,"Northern",632.4,116.9,0,749.3,708,141.2,0.5,"2008","Central Coast"
"176",302,"Southern",407.1,88.8,0,495.9,443.4,146.7,0,"2008","Central Coast"
"177",401,"Santa Clara",296.5,64.7,0,361.2,344.8,251.7,0,"2008","Southern California"
"178",402,"Metropolitan LA",3.2,614,0,617.2,6.2,1674.3,27,"2008","Southern California"
"179",403,"Santa Ana",135.1,524.1,0,659.2,159.8,1264.4,5.3,"2008","Southern California"
"180",404,"San Diego",34.1,25.4,0,59.5,263.3,905.2,0,"2008","Southern California"
"181",501,"Shasta - Pit",88.3,11.1,0,99.4,356,16.6,8.1,"2008","Sacramento River Region"
"182",502,"Upper Northwest Valley",5.9,0.4,0,6.3,11.2,0.7,0,"2008","Sacramento River Region"
"183",503,"Lower Northwest Valley",265.4,46.4,0,311.8,504,58.6,0.2,"2008","Sacramento River Region"
"184",504,"Northeast Valley",199.1,40.8,0,239.9,350.4,79.3,1.2,"2008","Sacramento River Region"
"185",505,"Southwest",44.4,4.6,0,49,52.8,9.3,0,"2008","Sacramento River Region"
"186",506,"Colusa Basin",618.8,15.2,9.3,643.3,2077.6,15.3,159.4,"2008","Sacramento River Region"
"187",507,"Butte - Sutter - Yuba",547.5,52.7,11.3,611.5,2546.1,73.2,286.9,"2008","Sacramento River Region"
"188",508,"Southeast",42.6,23.9,0,66.5,353.1,106.4,2.6,"2008","Sacramento River Region"
"189",509,"Central Basin West",561.4,53.5,0,614.9,953.9,73.7,0,"2008","Sacramento River Region"
"190",510,"Sacramento Delta",22.4,9.5,0,31.9,517.8,41.7,62.5,"2008","Delta Region"
"191",511,"Central Basin East",230.3,164.4,0,394.7,463.5,475.9,0,"2008","Sacramento River Region"
"192",601,"Upper West Side Uplands",4.3,3.5,0,7.8,35.2,97.5,0,"2008","San Joaquin Valley"
"193",602,"San Joaquin Delta",1.2,51.8,0,53,931.5,131.3,1.7,"2008","Delta Region"
"194",603,"Eastern Valley Floor",469.3,37.4,0,506.7,870.3,98.3,0.8,"2008","Delta Eastside Tributaries"
"195",604,"Sierra Foothills",3.4,2.9,0,6.3,24.1,44.2,0,"2008","Delta Eastside Tributaries"
"196",605,"West Side Uplands",0,0.3,0,0.3,0,0.3,0,"2008","San Joaquin Valley"
"197",606,"Valley West Side",655,26.4,195.3,876.7,1701.7,30.6,441.9,"2008","San Joaquin Valley"
"198",607,"Upper Valley East Side",116.8,93.7,0,210.5,948.2,158.6,13,"2008","San Joaquin Valley"
"199",608,"Middle Valley East Side",509.4,75.4,0,584.8,1142,75.4,0,"2008","San Joaquin Valley"
"200",609,"Lower Valley East Side",1485,101.4,12.5,1598.9,2175.5,101.6,45,"2008","San Joaquin Valley"
"201",610,"East Side Uplands",3.8,15.3,0,19.1,3.8,15.8,0,"2008","San Joaquin Valley"
"202",701,"Western Uplands",0.3,2.1,0,2.4,0.3,2.1,0,"2008","San Joaquin Valley"
"203",702,"San Luis West Side",869.2,5.9,0,875.1,1502.3,15.7,0,"2008","San Joaquin Valley"
"204",703,"Lower Kings-Tulare",1918.1,46.3,0.8,1965.2,2294.8,46.4,27.2,"2008","San Joaquin Valley"
"205",704,"Fresno - Academy",80.4,214.3,0,294.7,503.9,289.1,0,"2008","San Joaquin Valley"
"206",705,"Alta - Orange Cove",543.1,63.3,0,606.4,1001.3,65.6,0,"2008","San Joaquin Valley"
"207",706,"Kaweah Delta",2073.7,114.6,3.3,2191.6,2775.1,117.9,3.3,"2008","San Joaquin Valley"
"208",707,"Uplands",37.7,17.9,0,55.6,38.3,18.9,0,"2008","San Joaquin Valley"
"209",708,"Semitropic - Buena Vista",885.2,22.8,30.1,938.1,1110.2,26.1,47.8,"2008","San Joaquin Valley"
"210",709,"Kern Valley Floor",482.1,33.4,0,515.5,859.8,33.4,0,"2008","San Joaquin Valley"
"211",710,"Kern Delta",814.2,138.4,0,952.6,1276.6,177.8,0,"2008","San Joaquin Valley"
"212",801,"Lassen",112.9,19.4,11.6,143.9,305,22.9,24.1,"2008",NA
"213",802,"Alpine",0.7,19.3,0,20,141.7,24.2,0,"2008",NA
"214",901,"Mono-Owens",147.3,11.2,0,158.5,186.2,12.3,0,"2008","Southern California"
"215",902,"Indian Wells",11.4,19.9,0,31.3,11.4,20.1,0,"2008","Southern California"
"216",903,"Death Valley",10.7,4,0,14.7,10.7,4,0,"2008","Southern California"
"217",904,"Antelope Valley",62.4,66.4,0,128.8,77.9,132.6,0,"2008","Southern California"
"218",905,"Mojave River",56.6,100.8,0,157.4,99.9,134.5,0,"2008","Southern California"
"219",1001,"Twenty-Nine Palms - Lanfair",11.5,14.7,0,26.2,11.5,19.2,0,"2008","Southern California"
"220",1002,"Coachella",20.2,289.1,0,309.3,256.7,416.3,0,"2008","Southern California"
"221",1003,"Chuckwalla",2.8,2,0,4.8,2.8,2.1,0,"2008","Southern California"
"222",1004,"Colorado River",0.6,9.9,0,10.5,788.9,12.9,0,"2008","Southern California"
"223",1005,"Borrego",15.4,7.8,0,23.2,45.5,8.5,0,"2008","Southern California"
"224",1006,"Imperial Valley",0,0.2,0,0.2,2680.6,88.4,30.3,"2008","Southern California"
"225",101,"Upper Klamath",168.2,7.3,2.5,178,546,10.8,234.7,"2009",NA
"226",102,"Lower Klamath",8,5.3,0,13.3,29.8,11.4,0,"2009",NA
"227",103,"Coastal",72.9,17.1,0,90,93.8,46.7,0,"2009",NA
"228",104,"Russian River",51.3,30.8,0,82.1,79.4,86.5,0,"2009",NA
"229",201,"North Bay",58,30.7,0,88.7,77.5,146,0.9,"2009","San Francisco Bay Area"
"230",202,"South Bay",19,164.7,0,183.7,24.4,1100.8,0,"2009","San Francisco Bay Area"
"231",301,"Northern",607.9,122.5,0,730.4,669,150.9,0.4,"2009","Central Coast"
"232",302,"Southern",375,86,0,461,406.8,140.9,0,"2009","Central Coast"
"233",401,"Santa Clara",308.6,95.2,0,403.8,350,263.5,0,"2009","Southern California"
"234",402,"Metropolitan LA",2.9,645.4,0,648.3,5.5,1583.5,27,"2009","Southern California"
"235",403,"Santa Ana",123.9,506.9,0,630.8,148.6,1225.4,5.3,"2009","Southern California"
"236",404,"San Diego",35.9,25.7,0,61.6,249.5,680.4,0,"2009","Southern California"
"237",501,"Shasta - Pit",84.9,11,0,95.9,342.9,16.5,8.8,"2009","Sacramento River Region"
"238",502,"Upper Northwest Valley",5,0.4,0,5.4,12,0.7,0,"2009","Sacramento River Region"
"239",503,"Lower Northwest Valley",274.2,52.6,0,326.8,493.8,64.2,0.2,"2009","Sacramento River Region"
"240",504,"Northeast Valley",194.6,35.6,0,230.2,335.1,78.6,1.2,"2009","Sacramento River Region"
"241",505,"Southwest",41.3,4.4,0,45.7,50.3,8.5,0,"2009","Sacramento River Region"
"242",506,"Colusa Basin",516.5,13.6,9.6,539.7,1753.2,13.6,149.2,"2009","Sacramento River Region"
"243",507,"Butte - Sutter - Yuba",529.9,44.6,11.3,585.8,2510.4,67.8,290.7,"2009","Sacramento River Region"
"244",508,"Southeast",50.8,22.8,0,73.6,337.2,129.1,2.4,"2009","Sacramento River Region"
"245",509,"Central Basin West",549.6,48.9,0,598.5,876.8,77.8,0,"2009","Sacramento River Region"
"246",510,"Sacramento Delta",21.9,6,0,27.9,420.7,34.7,59.4,"2009","Delta Region"
"247",511,"Central Basin East",217.8,171.8,0,389.6,462.3,422.2,0,"2009","Sacramento River Region"
"248",601,"Upper West Side Uplands",1.9,11.8,0,13.7,34.2,95.7,0,"2009","San Joaquin Valley"
"249",602,"San Joaquin Delta",0.6,25,0,25.6,694.7,121,1.8,"2009","Delta Region"
"250",603,"Eastern Valley Floor",272.5,51.2,0,323.7,700.7,129.1,0.8,"2009","Delta Eastside Tributaries"
"251",604,"Sierra Foothills",0.7,2.8,0,3.5,21.9,48.1,0,"2009","Delta Eastside Tributaries"
"252",605,"West Side Uplands",0,0.3,0,0.3,0,0.3,0,"2009","San Joaquin Valley"
"253",606,"Valley West Side",840,28.1,185.3,1053.4,1892.2,31.7,454.9,"2009","San Joaquin Valley"
"254",607,"Upper Valley East Side",178.9,94.5,4.1,277.5,956.2,145.4,12.6,"2009","San Joaquin Valley"
"255",608,"Middle Valley East Side",507.3,72.6,0,579.9,1168.8,72.6,0,"2009","San Joaquin Valley"
"256",609,"Lower Valley East Side",1443.4,96.8,11.7,1551.9,2113.3,97,45.3,"2009","San Joaquin Valley"
"257",610,"East Side Uplands",3.1,15,0,18.1,3.1,15.7,0,"2009","San Joaquin Valley"
"258",701,"Western Uplands",0.3,1.9,0,2.2,0.3,1.9,0,"2009","San Joaquin Valley"
"259",702,"San Luis West Side",1048.7,5.4,0,1054.1,1441.7,14.9,0,"2009","San Joaquin Valley"
"260",703,"Lower Kings-Tulare",1913.4,46.3,0.7,1960.4,2281.7,46.4,30.6,"2009","San Joaquin Valley"
"261",704,"Fresno - Academy",104.8,212.5,0,317.3,538.6,238.1,0,"2009","San Joaquin Valley"
"262",705,"Alta - Orange Cove",645.4,61.6,0,707,1055.8,63.7,0,"2009","San Joaquin Valley"
"263",706,"Kaweah Delta",2057,116,3.3,2176.3,2826.6,118.9,3.3,"2009","San Joaquin Valley"
"264",707,"Uplands",39.5,13.3,0,52.8,40.3,17.8,0,"2009","San Joaquin Valley"
"265",708,"Semitropic - Buena Vista",877.8,22.5,24,924.3,1170.9,24.7,43.6,"2009","San Joaquin Valley"
"266",709,"Kern Valley Floor",471.8,32.7,0,504.5,865,32.7,0,"2009","San Joaquin Valley"
"267",710,"Kern Delta",892,120.3,0,1012.3,1364.3,165.7,0,"2009","San Joaquin Valley"
"268",801,"Lassen",125,19.1,11.6,155.7,319.9,22.5,23.9,"2009",NA
"269",802,"Alpine",0.8,19.7,0,20.5,155.5,22.6,0,"2009",NA
"270",901,"Mono-Owens",156,10.8,0,166.8,193.2,11.7,0,"2009","Southern California"
"271",902,"Indian Wells",10.9,19.8,0,30.7,10.9,20,0,"2009","Southern California"
"272",903,"Death Valley",10.6,4,0,14.6,10.6,4,0,"2009","Southern California"
"273",904,"Antelope Valley",56.7,54.7,0,111.4,77.3,119.1,0,"2009","Southern California"
"274",905,"Mojave River",55.6,90.8,0,146.4,95.5,121.9,0,"2009","Southern California"
"275",1001,"Twenty-Nine Palms - Lanfair",11.1,15.4,0,26.5,11.1,17.5,0,"2009","Southern California"
"276",1002,"Coachella",21.2,310.2,0,331.4,277.5,420.8,0,"2009","Southern California"
"277",1003,"Chuckwalla",2.7,2,0,4.7,2.7,2.1,0,"2009","Southern California"
"278",1004,"Colorado River",0.5,11,0,11.5,681.2,14,0,"2009","Southern California"
"279",1005,"Borrego",14.8,8,0,22.8,43.4,8.7,0,"2009","Southern California"
"280",1006,"Imperial Valley",0,0.1,0,0.1,2453.6,88.6,30.3,"2009","Southern California"
"281",101,"Upper Klamath",190.8,6.9,2.5,200.2,570.7,10.9,193.6,"2010",NA
"282",102,"Lower Klamath",5.1,7.7,0,12.8,18.2,11.3,0,"2010",NA
"283",103,"Coastal",39.3,17.3,0,56.6,53.1,47.5,0,"2010",NA
"284",104,"Russian River",40,33.7,0,73.7,61,69.7,0,"2010",NA
"285",201,"North Bay",40.4,29.5,0,69.9,57.4,142,0.9,"2010","San Francisco Bay Area"
"286",202,"South Bay",22.6,146.3,0,168.9,27.3,873.1,0,"2010","San Francisco Bay Area"
"287",301,"Northern",450.4,134.3,0,584.7,512.4,163.3,0.4,"2010","Central Coast"
"288",302,"Southern",335.3,79.4,0,414.7,364.3,138.8,0,"2010","Central Coast"
"289",401,"Santa Clara",240.9,49.3,0,290.2,267.8,274.5,0,"2010","Southern California"
"290",402,"Metropolitan LA",2.7,574.9,0,577.6,5.2,1448.9,27,"2010","Southern California"
"291",403,"Santa Ana",111.9,362.7,0,474.6,134.7,1078.2,5.3,"2010","Southern California"
"292",404,"San Diego",32.4,33.4,0,65.8,236.6,576.5,0,"2010","Southern California"
"293",501,"Shasta - Pit",78.3,11.2,0,89.5,311.2,16.2,8.4,"2010","Sacramento River Region"
"294",502,"Upper Northwest Valley",4.5,0.4,0,4.9,10.4,0.7,0,"2010","Sacramento River Region"
"295",503,"Lower Northwest Valley",192.6,52.6,0,245.2,398.6,64.1,0.2,"2010","Sacramento River Region"
"296",504,"Northeast Valley",134.7,47.9,0,182.6,242.3,85.5,1.2,"2010","Sacramento River Region"
"297",505,"Southwest",47.6,5.9,0,53.5,57.3,10.7,0,"2010","Sacramento River Region"
"298",506,"Colusa Basin",472.5,14,8.9,495.4,1937.3,14,147.9,"2010","Sacramento River Region"
"299",507,"Butte - Sutter - Yuba",487.9,42.3,8.3,538.5,2319.8,64.9,286,"2010","Sacramento River Region"
"300",508,"Southeast",49.2,22.6,0,71.8,295.8,112,2.4,"2010","Sacramento River Region"
"301",509,"Central Basin West",411.9,47.2,0,459.1,736.8,69.2,0,"2010","Sacramento River Region"
"302",510,"Sacramento Delta",17.7,6,0,23.7,478.6,34.9,49.9,"2010","Delta Region"
"303",511,"Central Basin East",191.6,229.2,0,420.8,460.4,416.2,1.8,"2010","Sacramento River Region"
"304",601,"Upper West Side Uplands",1.4,9.7,0,11.1,28.7,81.4,0,"2010","San Joaquin Valley"
"305",602,"San Joaquin Delta",1,44,0,45,702.4,131,1.8,"2010","Delta Region"
"306",603,"Eastern Valley Floor",254,40.2,0,294.2,707.2,95.1,0.8,"2010","Delta Eastside Tributaries"
"307",604,"Sierra Foothills",2.7,2.7,0,5.4,31.4,53.6,0,"2010","Delta Eastside Tributaries"
"308",605,"West Side Uplands",0,0.4,0,0.4,0,0.4,0,"2010","San Joaquin Valley"
"309",606,"Valley West Side",566.2,26.8,189.7,782.7,1612.3,30.2,438.2,"2010","San Joaquin Valley"
"310",607,"Upper Valley East Side",134.4,90.6,0,225,864.3,145.3,12.5,"2010","San Joaquin Valley"
"311",608,"Middle Valley East Side",277.2,66.3,0,343.5,943.1,66.3,0,"2010","San Joaquin Valley"
"312",609,"Lower Valley East Side",880,92,11.8,983.8,1842.9,92.1,43.7,"2010","San Joaquin Valley"
"313",610,"East Side Uplands",3,15.1,0,18.1,3,15.5,0,"2010","San Joaquin Valley"
"314",701,"Western Uplands",0.3,2,0,2.3,0.3,2,0,"2010","San Joaquin Valley"
"315",702,"San Luis West Side",598.7,5.6,0,604.3,1272.7,14.2,0,"2010","San Joaquin Valley"
"316",703,"Lower Kings-Tulare",1300.6,43.1,1.3,1345,1925.7,43.2,27.9,"2010","San Joaquin Valley"
"317",704,"Fresno - Academy",12.5,174.6,0,187.1,494.2,208.9,0,"2010","San Joaquin Valley"
"318",705,"Alta - Orange Cove",302.2,56,0,358.2,875.1,57.9,0,"2010","San Joaquin Valley"
"319",706,"Kaweah Delta",1238.3,106.5,3.2,1348,2543.6,111.5,3.2,"2010","San Joaquin Valley"
"320",707,"Uplands",32.9,13.5,0,46.4,33.4,18.8,0,"2010","San Joaquin Valley"
"321",708,"Semitropic - Buena Vista",648.1,14.8,24.6,687.5,1244.3,25.4,46.4,"2010","San Joaquin Valley"
"322",709,"Kern Valley Floor",285,33.8,0,318.8,844.9,33.8,0,"2010","San Joaquin Valley"
"323",710,"Kern Delta",540.8,98.8,0,639.6,1342.1,152.4,0,"2010","San Joaquin Valley"
"324",801,"Lassen",120.8,19.9,11.6,152.3,306.4,22.4,23.2,"2010",NA
"325",802,"Alpine",0.4,17,0,17.4,153.4,20.4,0,"2010",NA
"326",901,"Mono-Owens",134.5,9.4,0,143.9,185.1,10.4,0,"2010","Southern California"
"327",902,"Indian Wells",10.5,18.6,0,29.1,10.5,18.9,0,"2010","Southern California"
"328",903,"Death Valley",10.1,3.9,0,14,10.1,3.9,0,"2010","Southern California"
"329",904,"Antelope Valley",52.8,33.7,0,86.5,74.5,117.8,0,"2010","Southern California"
"330",905,"Mojave River",53.6,86.3,0,139.9,90.3,128.9,0,"2010","Southern California"
"331",1001,"Twenty-Nine Palms - Lanfair",10.7,14.8,0,25.5,10.7,18.3,0,"2010","Southern California"
"332",1002,"Coachella",23.6,254.1,0,277.7,296.7,555.1,0,"2010","Southern California"
"333",1003,"Chuckwalla",2.4,1.9,0,4.3,2.4,2,0,"2010","Southern California"
"334",1004,"Colorado River",0.1,10.7,0,10.8,585.8,13.7,0,"2010","Southern California"
"335",1005,"Borrego",13.6,6.3,0,19.9,43.3,7,0,"2010","Southern California"
"336",1006,"Imperial Valley",0,0.1,0,0.1,2547.6,84.6,30.3,"2010","Southern California"
"337",101,"Upper Klamath",128,5.2,2.3,135.5,481.3,9,176.1,"2011",NA
"338",102,"Lower Klamath",26.3,7.7,0,34,32.7,11.2,0,"2011",NA
"339",103,"Coastal",73.7,19.6,0,93.3,84.5,26.9,0,"2011",NA
"340",104,"Russian River",65.7,31.6,0,97.3,108.3,91.1,0,"2011",NA
"341",201,"North Bay",69.9,19,0,88.9,87.2,123.3,49.6,"2011","San Francisco Bay Area"
"342",202,"South Bay",5,144.1,0,149.1,15,975.7,0.3,"2011","San Francisco Bay Area"
"343",301,"Northern",487.6,100.5,0,588.1,534.3,124,0.4,"2011","Central Coast"
"344",302,"Southern",352.7,61.9,0,414.6,379.4,120.3,0,"2011","Central Coast"
"345",401,"Santa Clara",264,41.6,0,305.6,312.5,229.2,0,"2011","Southern California"
"346",402,"Metropolitan LA",4.6,408.6,0,413.2,9.2,1470.9,26.9,"2011","Southern California"
"347",403,"Santa Ana",131.9,415,0.2,547.1,147.1,1137.5,6.1,"2011","Southern California"
"348",404,"San Diego",38,47.1,0,85.1,186.4,486.1,0,"2011","Southern California"
"349",501,"Shasta - Pit",56.4,10.6,0.7,67.7,217.6,12.7,11.4,"2011","Sacramento River Region"
"350",502,"Upper Northwest Valley",0.7,0.4,0,1.1,6.4,0.7,0,"2011","Sacramento River Region"
"351",503,"Lower Northwest Valley",228.1,23.6,0,251.7,407.6,33.9,0.6,"2011","Sacramento River Region"
"352",504,"Northeast Valley",180.4,46.3,0,226.7,263.7,78.3,0.9,"2011","Sacramento River Region"
"353",505,"Southwest",44.3,5.2,0,49.5,53.3,10.5,0,"2011","Sacramento River Region"
"354",506,"Colusa Basin",453.9,9.7,7.8,471.4,1839.3,10,152.4,"2011","Sacramento River Region"
"355",507,"Butte - Sutter - Yuba",448.8,40.4,8.1,497.3,2017.5,59.8,274.7,"2011","Sacramento River Region"
"356",508,"Southeast",17.4,15.9,0,33.3,221.4,98,0.4,"2011","Sacramento River Region"
"357",509,"Central Basin West",181.8,42.4,0,224.2,567.1,59,0,"2011","Sacramento River Region"
"358",510,"Sacramento Delta",25.8,3.5,0,29.3,368.8,24.1,45.9,"2011","Delta Region"
"359",511,"Central Basin East",155.1,143.2,0.5,298.8,303.2,391.8,2,"2011","Sacramento River Region"
"360",601,"Upper West Side Uplands",0,2,0,2,15.1,46.9,0,"2011","San Joaquin Valley"
"361",602,"San Joaquin Delta",0,34.2,0,34.2,591,105.7,2.4,"2011","Delta Region"
"362",603,"Eastern Valley Floor",379,44.1,0,423.1,609.4,96.4,18.8,"2011","Delta Eastside Tributaries"
"363",604,"Sierra Foothills",4.9,9,0,13.9,27.3,47.3,0,"2011","Delta Eastside Tributaries"
"364",605,"West Side Uplands",0,0.2,0,0.2,0,0.2,0,"2011","San Joaquin Valley"
"365",606,"Valley West Side",404.4,19.2,142.5,566.1,1487.7,21.5,424.6,"2011","San Joaquin Valley"
"366",607,"Upper Valley East Side",118.7,88.8,4.1,211.6,803.6,130,12,"2011","San Joaquin Valley"
"367",608,"Middle Valley East Side",203.3,48.4,0,251.7,960.4,48.4,0,"2011","San Joaquin Valley"
"368",609,"Lower Valley East Side",879.8,73.6,9.1,962.5,2199.8,73.8,42.4,"2011","San Joaquin Valley"
"369",610,"East Side Uplands",3.9,10.6,0,14.5,3.9,11,0,"2011","San Joaquin Valley"
"370",701,"Western Uplands",0,1.6,0,1.6,0,1.6,0,"2011","San Joaquin Valley"
"371",702,"San Luis West Side",490.9,3.8,0,494.7,1546.1,12.6,0,"2011","San Joaquin Valley"
"372",703,"Lower Kings-Tulare",1165.7,31.9,0,1197.6,2123.8,32,30.4,"2011","San Joaquin Valley"
"373",704,"Fresno - Academy",11.4,116,0,127.4,726.4,183.8,0,"2011","San Joaquin Valley"
"374",705,"Alta - Orange Cove",211.2,42.6,0,253.8,1026,44.4,0,"2011","San Joaquin Valley"
"375",706,"Kaweah Delta",701.1,87.5,3.3,791.9,2289.2,89.1,3.3,"2011","San Joaquin Valley"
"376",707,"Uplands",15.1,9.7,0,24.8,17,14,0,"2011","San Joaquin Valley"
"377",708,"Semitropic - Buena Vista",458.5,22,22.4,502.9,1310.3,24.4,51.1,"2011","San Joaquin Valley"
"378",709,"Kern Valley Floor",18.7,28.9,0,47.6,827.8,28.9,0,"2011","San Joaquin Valley"
"379",710,"Kern Delta",260.8,67.3,0,328.1,1673.9,138.7,0,"2011","San Joaquin Valley"
"380",801,"Lassen",52.6,6.8,6,65.4,174.3,9.4,14.2,"2011",NA
"381",802,"Alpine",1.8,16,0,17.8,94.1,20.4,0,"2011",NA
"382",901,"Mono-Owens",121.3,10.8,0,132.1,161.3,11.8,0,"2011","Southern California"
"383",902,"Indian Wells",9,16.2,0,25.2,9,16.7,0,"2011","Southern California"
"384",903,"Death Valley",12.3,4,0,16.3,12.3,4,0,"2011","Southern California"
"385",904,"Antelope Valley",30.6,15.9,0,46.5,51.6,98,0,"2011","Southern California"
"386",905,"Mojave River",77.2,76.3,0,153.5,85.4,85.9,0,"2011","Southern California"
"387",1001,"Twenty-Nine Palms - Lanfair",12.3,15.6,0,27.9,12.3,18.5,0,"2011","Southern California"
"388",1002,"Coachella",20,227.5,0,247.5,340.9,359.5,0,"2011","Southern California"
"389",1003,"Chuckwalla",3.6,2.2,0,5.8,3.6,2.3,0,"2011","Southern California"
"390",1004,"Colorado River",2.1,11.5,0,13.6,555,12.7,0,"2011","Southern California"
"391",1005,"Borrego",15.7,6.6,0,22.3,51.3,7.2,0,"2011","Southern California"
"392",1006,"Imperial Valley",0,0.1,0,0.1,2344.6,62.1,44.4,"2011","Southern California"
"393",101,"Upper Klamath",165.5,5.9,2.3,173.7,514.1,9.7,168.7,"2012",NA
"394",102,"Lower Klamath",26.6,7.5,0,34.1,33.9,10.3,0,"2012",NA
"395",103,"Coastal",77.1,17.1,0,94.2,89.2,24,0,"2012",NA
"396",104,"Russian River",74.4,32.3,0,106.7,123.7,95.3,0,"2012",NA
"397",201,"North Bay",63.8,20.7,0,84.5,110.2,134.1,56.8,"2012","San Francisco Bay Area"
"398",202,"South Bay",16.2,178.6,0,194.8,29.4,1016.8,0.3,"2012","San Francisco Bay Area"
"399",301,"Northern",536.4,112,0,648.4,584.5,130.8,0,"2012","Central Coast"
"400",302,"Southern",390.2,72.1,0,462.3,413.9,139.5,0,"2012","Central Coast"
"401",401,"Santa Clara",242.8,70.7,0,313.5,289,256.8,0,"2012","Southern California"
"402",402,"Metropolitan LA",2.8,527.7,0,530.5,5.1,1455.7,29.3,"2012","Southern California"
"403",403,"Santa Ana",150.6,430.3,0.2,581.1,165.1,1219.6,6.1,"2012","Southern California"
"404",404,"San Diego",36.9,22.3,0,59.2,220.2,646.1,0,"2012","Southern California"
"405",501,"Shasta - Pit",71.8,11.1,0.7,83.6,271.9,13.2,13.5,"2012","Sacramento River Region"
"406",502,"Upper Northwest Valley",1,0.4,0,1.4,10.3,0.7,0,"2012","Sacramento River Region"
"407",503,"Lower Northwest Valley",298.6,23.2,0,321.8,524.8,34.5,0.6,"2012","Sacramento River Region"
"408",504,"Northeast Valley",202.9,48.1,0,251,303.7,83.1,1.1,"2012","Sacramento River Region"
"409",505,"Southwest",58.1,5,0,63.1,71.8,10.4,0,"2012","Sacramento River Region"
"410",506,"Colusa Basin",521.3,10.6,8.8,540.7,2003.4,10.9,159.1,"2012","Sacramento River Region"
"411",507,"Butte - Sutter - Yuba",522.3,40.7,8.3,571.3,2116.5,61.2,299.2,"2012","Sacramento River Region"
"412",508,"Southeast",22.1,20.9,0,43,271.6,108.1,0.4,"2012","Sacramento River Region"
"413",509,"Central Basin West",210.7,46,0,256.7,669.6,63.9,0,"2012","Sacramento River Region"
"414",510,"Sacramento Delta",67.7,2.7,0,70.4,445,25.5,48.8,"2012","Delta Region"
"415",511,"Central Basin East",187.5,165.5,0.5,353.5,373.4,414.8,2.1,"2012","Sacramento River Region"
"416",601,"Upper West Side Uplands",0,1,0,1,20.4,59.6,0,"2012","San Joaquin Valley"
"417",602,"San Joaquin Delta",0,27.9,0,27.9,757.9,114.1,2.5,"2012","Delta Region"
"418",603,"Eastern Valley Floor",733.8,39.9,0,773.7,949.7,99.2,17,"2012","Delta Eastside Tributaries"
"419",604,"Sierra Foothills",6.2,11,0,17.2,34.5,51.4,0,"2012","Delta Eastside Tributaries"
"420",605,"West Side Uplands",0,0,0,0,0,1.3,0,"2012","San Joaquin Valley"
"421",606,"Valley West Side",524.6,22.3,185.1,732,1695.2,24.6,451.9,"2012","San Joaquin Valley"
"422",607,"Upper Valley East Side",158.8,82,0,240.8,906.3,128.4,12.8,"2012","San Joaquin Valley"
"423",608,"Middle Valley East Side",296.3,50.2,0,346.5,998.7,50.2,0,"2012","San Joaquin Valley"
"424",609,"Lower Valley East Side",1308.9,85,11.8,1405.7,2213.6,85.1,45.3,"2012","San Joaquin Valley"
"425",610,"East Side Uplands",4.1,10,0,14.1,4.1,10.6,0,"2012","San Joaquin Valley"
"426",701,"Western Uplands",0,1.7,0,1.7,0,1.7,0,"2012","San Joaquin Valley"
"427",702,"San Luis West Side",765.4,3.9,0,769.3,1616.4,13.4,0,"2012","San Joaquin Valley"
"428",703,"Lower Kings-Tulare",1883.9,35.6,0,1919.5,2430.2,35.7,31.8,"2012","San Joaquin Valley"
"429",704,"Fresno - Academy",225.3,137.3,0,362.6,623.3,187.6,0,"2012","San Joaquin Valley"
"430",705,"Alta - Orange Cove",759.2,44,0,803.2,1176,46,0,"2012","San Joaquin Valley"
"431",706,"Kaweah Delta",1852.1,84.4,3.4,1939.9,2640.8,87.2,3.4,"2012","San Joaquin Valley"
"432",707,"Uplands",32.8,14.8,0,47.6,35.1,14.8,0,"2012","San Joaquin Valley"
"433",708,"Semitropic - Buena Vista",664.6,23.5,42.7,730.8,1220.4,33.8,57.6,"2012","San Joaquin Valley"
"434",709,"Kern Valley Floor",427.7,29.7,0,457.4,920.9,29.7,0,"2012","San Joaquin Valley"
"435",710,"Kern Delta",688.8,117.9,0,806.7,1387.9,149.5,0,"2012","San Joaquin Valley"
"436",801,"Lassen",58.4,6.7,6.2,71.3,188.4,9.2,17.2,"2012",NA
"437",802,"Alpine",2.5,16.7,0,19.2,113.4,22.4,0,"2012",NA
"438",901,"Mono-Owens",129.1,10.8,0,139.9,168.1,11.8,0,"2012","Southern California"
"439",902,"Indian Wells",10.2,16.2,0,26.4,10.2,16.8,0,"2012","Southern California"
"440",903,"Death Valley",12.7,4.1,0,16.8,12.7,4.1,0,"2012","Southern California"
"441",904,"Antelope Valley",36,17.1,0,53.1,62.8,106.5,0,"2012","Southern California"
"442",905,"Mojave River",80,82.8,0,162.8,87.9,100,0,"2012","Southern California"
"443",1001,"Twenty-Nine Palms - Lanfair",12.6,15,0,27.6,12.6,17.5,0,"2012","Southern California"
"444",1002,"Coachella",20,303.3,0,323.3,346.7,472.5,0,"2012","Southern California"
"445",1003,"Chuckwalla",3.6,2.1,0,5.7,3.6,2.2,0,"2012","Southern California"
"446",1004,"Colorado River",0,11.8,0,11.8,623,13,0,"2012","Southern California"
"447",1005,"Borrego",15.8,5.2,0,21,45,7.9,0,"2012","Southern California"
"448",1006,"Imperial Valley",0,0.1,0,0.1,2790.8,63.6,44.4,"2012","Southern California"
"449",101,"Upper Klamath",161.4,5.7,2.3,169.4,491.2,9.6,135.1,"2013",NA
"450",102,"Lower Klamath",28.9,7.6,0,36.5,36.6,10.4,0,"2013",NA
"451",103,"Coastal",90.9,18.3,0,109.2,102.7,25.5,0,"2013",NA
"452",104,"Russian River",74.8,35.1,0,109.9,121.5,102.7,0,"2013",NA
"453",201,"North Bay",81.7,15.6,0,97.3,101.3,146,54.7,"2013","San Francisco Bay Area"
"454",202,"South Bay",10.9,141.5,0,152.4,20.9,1020.3,0.3,"2013","San Francisco Bay Area"
"455",301,"Northern",618.3,105.2,0,723.5,651.8,127.5,0.4,"2013","Central Coast"
"456",302,"Southern",578.7,78.7,0,657.4,602.4,145.2,0,"2013","Central Coast"
"457",401,"Santa Clara",396.6,63.8,0,460.4,425.6,263.1,0,"2013","Southern California"
"458",402,"Metropolitan LA",3.8,544.1,0,547.9,7.1,1466.4,25.6,"2013","Southern California"
"459",403,"Santa Ana",205.6,544.3,0.2,750.1,219.1,1227.1,6.1,"2013","Southern California"
"460",404,"San Diego",36.7,29.3,0,66,333.1,774.3,0,"2013","Southern California"
"461",501,"Shasta - Pit",77.9,11.6,0.7,90.2,297.7,14,12.8,"2013","Sacramento River Region"
"462",502,"Upper Northwest Valley",0.9,0.4,0,1.3,9.6,0.6,0,"2013","Sacramento River Region"
"463",503,"Lower Northwest Valley",327,28.3,0,355.3,575.5,40.3,0.7,"2013","Sacramento River Region"
"464",504,"Northeast Valley",226,34.3,0,260.3,330.4,70.4,1,"2013","Sacramento River Region"
"465",505,"Southwest",59,4.9,0,63.9,76,11.6,0,"2013","Sacramento River Region"
"466",506,"Colusa Basin",567.1,10.8,8.5,586.4,2142.5,11.1,147.2,"2013","Sacramento River Region"
"467",507,"Butte - Sutter - Yuba",557.1,42.7,6.6,606.4,2223.9,63.3,288.5,"2013","Sacramento River Region"
"468",508,"Southeast",22.4,20,0,42.4,277.5,108,0.4,"2013","Sacramento River Region"
"469",509,"Central Basin West",360.2,50.4,0,410.6,721.4,69.3,0,"2013","Sacramento River Region"
"470",510,"Sacramento Delta",33.8,2,0,35.8,435.1,26.2,48.8,"2013","Delta Region"
"471",511,"Central Basin East",183.4,158.5,0.5,342.4,385.1,438.4,2.1,"2013","Sacramento River Region"
"472",601,"Upper West Side Uplands",1.1,1.7,0,2.8,20.1,61.1,0,"2013","San Joaquin Valley"
"473",602,"San Joaquin Delta",0,35.8,0,35.8,607.9,115.1,2.6,"2013","Delta Region"
"474",603,"Eastern Valley Floor",686.4,36.5,0,722.9,909.5,96.6,16.8,"2013","Delta Eastside Tributaries"
"475",604,"Sierra Foothills",6.3,9.8,0,16.1,33.8,50.7,0,"2013","Delta Eastside Tributaries"
"476",605,"West Side Uplands",0,0,0,0,0,1.1,0,"2013","San Joaquin Valley"
"477",606,"Valley West Side",518.6,21.9,205.5,746,1602.6,24.7,456,"2013","San Joaquin Valley"
"478",607,"Upper Valley East Side",157.3,83.6,4.3,245.2,933,132.6,12.7,"2013","San Joaquin Valley"
"479",608,"Middle Valley East Side",429.6,51.6,0,481.2,1049.8,51.6,0,"2013","San Joaquin Valley"
"480",609,"Lower Valley East Side",1496.6,80.9,12.7,1590.2,2184.2,81.1,45.3,"2013","San Joaquin Valley"
"481",610,"East Side Uplands",4.1,10.4,0,14.5,4.1,11,0,"2013","San Joaquin Valley"
"482",701,"Western Uplands",0,1.5,0,1.5,0,1.5,0,"2013","San Joaquin Valley"
"483",702,"San Luis West Side",1043.2,3.2,0,1046.4,1585.2,12.1,0,"2013","San Joaquin Valley"
"484",703,"Lower Kings-Tulare",1927,35.8,1.6,1964.4,2161.4,35.9,30.3,"2013","San Joaquin Valley"
"485",704,"Fresno - Academy",351.7,155.3,0,507,643.5,188.8,0,"2013","San Joaquin Valley"
"486",705,"Alta - Orange Cove",837,44.8,0,881.8,1063.7,46.4,0,"2013","San Joaquin Valley"
"487",706,"Kaweah Delta",2194.3,87.8,3.5,2285.6,2613.3,91.8,3.5,"2013","San Joaquin Valley"
"488",707,"Uplands",12.2,9.2,0,21.4,14.3,13.5,0,"2013","San Joaquin Valley"
"489",708,"Semitropic - Buena Vista",829.1,15.5,36.2,880.8,1173.2,21.5,59.9,"2013","San Joaquin Valley"
"490",709,"Kern Valley Floor",677.2,26.9,0,704.1,961.2,31.1,0,"2013","San Joaquin Valley"
"491",710,"Kern Delta",1033.8,83.3,0,1117.1,1368.9,141.8,0,"2013","San Joaquin Valley"
"492",801,"Lassen",65.2,9.1,7.2,81.5,218.3,9.1,17.1,"2013",NA
"493",802,"Alpine",2.4,16.6,0,19,104.2,22.3,0,"2013",NA
"494",901,"Mono-Owens",167.6,10.5,0,178.1,206.5,11.6,0,"2013","Southern California"
"495",902,"Indian Wells",15.8,14.7,0,30.5,15.8,15,0,"2013","Southern California"
"496",903,"Death Valley",15.6,4,0,19.6,15.6,4,0,"2013","Southern California"
"497",904,"Antelope Valley",63.5,19.2,0,82.7,87.5,94.2,0,"2013","Southern California"
"498",905,"Mojave River",95.6,89.5,0,185.1,112.9,102,0,"2013","Southern California"
"499",1001,"Twenty-Nine Palms - Lanfair",15.4,13.4,0,28.8,15.4,16.4,0,"2013","Southern California"
"500",1002,"Coachella",20,133,0,153,393.1,226,0,"2013","Southern California"
"501",1003,"Chuckwalla",3.9,1.8,0,5.7,3.9,1.9,0,"2013","Southern California"
"502",1004,"Colorado River",0,11.8,0,11.8,848,12.9,0,"2013","Southern California"
"503",1005,"Borrego",18.3,4.4,0,22.7,55.4,7.3,0,"2013","Southern California"
"504",1006,"Imperial Valley",0,0.1,0,0.1,2906,59.3,30.3,"2013","Southern California"
"505",101,"Upper Klamath",154.4,5.5,0.6,160.5,457.2,9.6,94.4,"2014",NA
"506",102,"Lower Klamath",29.1,7.3,0,36.4,36.5,10,0,"2014",NA
"507",103,"Coastal",94.9,16.5,0,111.4,106,23.8,0,"2014",NA
"508",104,"Russian River",89.8,30.6,0,120.4,136.8,92.5,0,"2014",NA
"509",201,"North Bay",61.1,14.4,0,75.5,114.8,129.7,56.8,"2014","San Francisco Bay Area"
"510",202,"South Bay",10.1,188.4,0,198.5,18.7,992.3,0.4,"2014","San Francisco Bay Area"
"511",301,"Northern",591.3,105.7,0,697,618,122.5,0.4,"2014","Central Coast"
"512",302,"Southern",620.8,85.5,0,706.3,642.3,141.7,0,"2014","Central Coast"
"513",401,"Santa Clara",460.1,100.8,0,560.9,472.8,269.6,0,"2014","Southern California"
"514",402,"Metropolitan LA",4.1,629,0,633.1,8.5,1521.6,27.9,"2014","Southern California"
"515",403,"Santa Ana",212,514,0.2,726.2,223.2,1162.2,6.1,"2014","Southern California"
"516",404,"San Diego",33,33.1,0,66.1,354.2,809.8,0,"2014","Southern California"
"517",501,"Shasta - Pit",80.9,10.2,0.7,91.8,310.4,13.2,16.9,"2014","Sacramento River Region"
"518",502,"Upper Northwest Valley",0.7,0.2,0,0.9,4.6,0.7,0,"2014","Sacramento River Region"
"519",503,"Lower Northwest Valley",332.4,22.7,0,355.1,501.1,33.3,0.9,"2014","Sacramento River Region"
"520",504,"Northeast Valley",216.8,34.4,0,251.2,317.2,64.9,1.1,"2014","Sacramento River Region"
"521",505,"Southwest",59.1,4.4,0,63.5,72.9,10.4,0,"2014","Sacramento River Region"
"522",506,"Colusa Basin",534.1,10.8,9,553.9,1603.6,11.1,141.9,"2014","Sacramento River Region"
"523",507,"Butte - Sutter - Yuba",619.5,39.5,8.9,667.9,2130.1,59.3,304.8,"2014","Sacramento River Region"
"524",508,"Southeast",21.7,17.7,0,39.4,281.7,99.8,0.4,"2014","Sacramento River Region"
"525",509,"Central Basin West",348.2,42.6,0,390.8,709.4,59,0,"2014","Sacramento River Region"
"526",510,"Sacramento Delta",72.2,7.7,0,79.9,482.4,25.3,50.2,"2014","Delta Region"
"527",511,"Central Basin East",184.4,155.9,0.5,340.8,339.1,376.2,2.1,"2014","Sacramento River Region"
"528",601,"Upper West Side Uplands",1.2,2.7,0,3.9,22.3,58.3,0,"2014","San Joaquin Valley"
"529",602,"San Joaquin Delta",0,35,0,35,623.1,108,2.6,"2014","Delta Region"
"530",603,"Eastern Valley Floor",769.1,45.9,0,815,963.9,112.4,17.4,"2014","Delta Eastside Tributaries"
"531",604,"Sierra Foothills",9.9,8.8,0,18.7,35.8,42.2,0,"2014","Delta Eastside Tributaries"
"532",605,"West Side Uplands",0,0,0,0,0,0.7,0,"2014","San Joaquin Valley"
"533",606,"Valley West Side",765.5,20.9,305.2,1091.6,1512.8,23.2,456.1,"2014","San Joaquin Valley"
"534",607,"Upper Valley East Side",272.6,76,0,348.6,888,115.9,12.8,"2014","San Joaquin Valley"
"535",608,"Middle Valley East Side",583.4,48.9,0,632.3,1061,48.9,0,"2014","San Joaquin Valley"
"536",609,"Lower Valley East Side",1779.3,77.2,19,1875.5,2179.1,77.3,46.3,"2014","San Joaquin Valley"
"537",610,"East Side Uplands",4.7,9.9,0,14.6,4.7,10.5,0,"2014","San Joaquin Valley"
"538",701,"Western Uplands",0,1.4,0,1.4,0,1.4,0,"2014","San Joaquin Valley"
"539",702,"San Luis West Side",1157.1,3,0,1160.1,1441.6,10.9,0,"2014","San Joaquin Valley"
"540",703,"Lower Kings-Tulare",1769.2,34.7,12.4,1816.3,1974.8,34.8,31.3,"2014","San Joaquin Valley"
"541",704,"Fresno - Academy",390.7,178.2,0,568.9,638.5,211.7,0,"2014","San Joaquin Valley"
"542",705,"Alta - Orange Cove",973.4,41.6,0,1015,1119.8,43.2,0,"2014","San Joaquin Valley"
"543",706,"Kaweah Delta",2053.4,83.1,3.3,2139.8,2344.2,84.4,3.3,"2014","San Joaquin Valley"
"544",707,"Uplands",37.8,11.8,0,49.6,37.8,12.7,0,"2014","San Joaquin Valley"
"545",708,"Semitropic - Buena Vista",1152.8,21.2,47.9,1221.9,1432.1,23.2,61.3,"2014","San Joaquin Valley"
"546",709,"Kern Valley Floor",1014.2,28.6,0,1042.8,1104.1,28.6,0,"2014","San Joaquin Valley"
"547",710,"Kern Delta",1175,124.7,0,1299.7,1407,145.8,0,"2014","San Joaquin Valley"
"548",801,"Lassen",69,8.5,7.7,85.2,233.8,8.5,17.4,"2014",NA
"549",802,"Alpine",2.2,15.2,0,17.4,99.2,21.2,0,"2014",NA
"550",901,"Mono-Owens",164.6,10.1,0,174.7,204,10.7,0,"2014","Southern California"
"551",902,"Indian Wells",15.5,14.2,0,29.7,15.5,14.3,0,"2014","Southern California"
"552",903,"Death Valley",16.1,4.1,0,20.2,16.1,4.1,0,"2014","Southern California"
"553",904,"Antelope Valley",63.3,65.9,0,129.2,87,105.4,0,"2014","Southern California"
"554",905,"Mojave River",90.8,74.3,0,165.1,107.2,89.3,0,"2014","Southern California"
"555",1001,"Twenty-Nine Palms - Lanfair",13.9,12.9,0,26.8,13.9,13.8,0,"2014","Southern California"
"556",1002,"Coachella",20,170.5,0,190.5,389.7,190.6,0,"2014","Southern California"
"557",1003,"Chuckwalla",3.9,1.9,0,5.8,3.9,2,0,"2014","Southern California"
"558",1004,"Colorado River",4,13.6,0,17.6,917,14.6,0,"2014","Southern California"
"559",1005,"Borrego",18.9,6.1,0,25,56.2,9,0,"2014","Southern California"
"560",1006,"Imperial Valley",0,0.1,0,0.1,2968.7,58.1,45.2,"2014","Southern California"
"561",101,"Upper Klamath",140.2,5,0.6,145.8,432.6,8.3,92.9,"2015",NA
"562",102,"Lower Klamath",26.6,6.1,0,32.7,34.5,8.7,0,"2015",NA
"563",103,"Coastal",89.1,15.5,0,104.6,101.1,22.9,0,"2015",NA
"564",104,"Russian River",86.7,22.1,0,108.8,132.4,85,0,"2015",NA
"565",201,"North Bay",96.2,11.9,0,108.1,118.6,112,55.5,"2015","San Francisco Bay Area"
"566",202,"South Bay",10.4,185.7,0,196.1,19,899.1,0.3,"2015","San Francisco Bay Area"
"567",301,"Northern",595.3,86,0,681.3,627.7,115.9,0.4,"2015","Central Coast"
"568",302,"Southern",434.7,73.4,0,508.1,454.6,118.9,0,"2015","Central Coast"
"569",401,"Santa Clara",305.6,71.7,0,377.3,317.045,213.255,0,"2015","Southern California"
"570",402,"Metropolitan LA",3.3,434.5,0,437.8,6.5,1298.7,25,"2015","Southern California"
"571",403,"Santa Ana",150.5,441.1,0.2,591.8,153.4,1023.8,6.1,"2015","Southern California"
"572",404,"San Diego",28.1,27.4,0,55.5,214.4,673.4,0,"2015","Southern California"
"573",501,"Shasta - Pit",71.6,11.1,0.7,83.4,273.7,11.3,16,"2015","Sacramento River Region"
"574",502,"Upper Northwest Valley",0.4,0.3,0,0.7,3,0.8,0,"2015","Sacramento River Region"
"575",503,"Lower Northwest Valley",328,22.9,0,350.9,505.6,33.5,0.7,"2015","Sacramento River Region"
"576",504,"Northeast Valley",221.9,37.7,0,259.6,312.6,62.5,1,"2015","Sacramento River Region"
"577",505,"Southwest",58.5,4.2,0,62.7,72,9.2,0,"2015","Sacramento River Region"
"578",506,"Colusa Basin",541.7,8.5,8.7,558.9,1436.1,8.8,139.1,"2015","Sacramento River Region"
"579",507,"Butte - Sutter - Yuba",776.1,31.8,14.5,822.4,2012.5,48.9,279.9,"2015","Sacramento River Region"
"580",508,"Southeast",23.6,14.3,0,37.9,250,83.4,0.4,"2015","Sacramento River Region"
"581",509,"Central Basin West",460.2,28.9,0,489.1,708.8,51.5,0,"2015","Sacramento River Region"
"582",510,"Sacramento Delta",55.4,4.6,0,60,481.7,20.8,50,"2015","Delta Region"
"583",511,"Central Basin East",220.5,144.8,0.5,365.8,347.3,325.7,2.2,"2015","Sacramento River Region"
"584",601,"Upper West Side Uplands",9.7,1.4,0,11.1,23.7,52.7,0,"2015","San Joaquin Valley"
"585",602,"San Joaquin Delta",0,31.4,0,31.4,587.8,96.6,2.6,"2015","Delta Region"
"586",603,"Eastern Valley Floor",810.2,37.9,0,848.1,925.2,84.2,17.4,"2015","Delta Eastside Tributaries"
"587",604,"Sierra Foothills",12,8.8,0,20.8,36,38.5,0,"2015","Delta Eastside Tributaries"
"588",605,"West Side Uplands",0,0,0,0,0,0.7,0,"2015","San Joaquin Valley"
"589",606,"Valley West Side",898.3,13.2,287.2,1198.7,1487.4,20.3,427.7,"2015","San Joaquin Valley"
"590",607,"Upper Valley East Side",365.1,69.1,0,434.2,887,98.3,12.5,"2015","San Joaquin Valley"
"591",608,"Middle Valley East Side",650.7,41.3,0,692,1069.8,41.3,0,"2015","San Joaquin Valley"
"592",609,"Lower Valley East Side",1958.5,63,16,2037.5,2153.6,63.2,42.9,"2015","San Joaquin Valley"
"593",610,"East Side Uplands",4.7,8.6,0,13.3,4.7,9.1,0,"2015","San Joaquin Valley"
"594",701,"Western Uplands",0,0.9,0,0.9,0,0.9,0,"2015","San Joaquin Valley"
"595",702,"San Luis West Side",1241.1,2.5,0,1243.6,1434.7,9.2,0,"2015","San Joaquin Valley"
"596",703,"Lower Kings-Tulare",1789.9,29.4,9.2,1828.5,1920.9,29.5,27.9,"2015","San Joaquin Valley"
"597",704,"Fresno - Academy",493.1,119.2,0,612.3,618.4,153.6,0,"2015","San Joaquin Valley"
"598",705,"Alta - Orange Cove",968,34.4,0,1002.4,1057,35.8,0,"2015","San Joaquin Valley"
"599",706,"Kaweah Delta",2373.4,69.7,3.6,2446.7,2501.9,70.8,3.6,"2015","San Joaquin Valley"
"600",707,"Uplands",19.4,7.8,0,27.2,20.1,9.8,0,"2015","San Joaquin Valley"
"601",708,"Semitropic - Buena Vista",1052.4,15.8,51.1,1119.3,1263.7,19.7,60.3,"2015","San Joaquin Valley"
"602",709,"Kern Valley Floor",1026.5,23.2,0,1049.7,1100.1,23.2,0,"2015","San Joaquin Valley"
"603",710,"Kern Delta",1060.3,105.3,0,1165.6,1231.3,115.4,0,"2015","San Joaquin Valley"
"604",801,"Lassen",59.2,4.8,7.6,71.6,200.1,7.6,16.6,"2015",NA
"605",802,"Alpine",1.8,14.2,0,16,67.7,18.2,0,"2015",NA
"606",901,"Mono-Owens",123.1,7.2,0,130.3,162.4,7.9,0,"2015","Southern California"
"607",902,"Indian Wells",13.2,11.2,0,24.4,13.2,11.3,0,"2015","Southern California"
"608",903,"Death Valley",13.3,4,0,17.3,13.3,4,0,"2015","Southern California"
"609",904,"Antelope Valley",43.7,41.4,0,85.1,53.6,72.9,0,"2015","Southern California"
"610",905,"Mojave River",68.9,69.5,0,138.4,75.7,82.6,0,"2015","Southern California"
"611",1001,"Twenty-Nine Palms - Lanfair",9.8,11.9,0,21.7,9.8,14.7,0,"2015","Southern California"
"612",1002,"Coachella",20,79.9,0,99.9,330.8,163.1,0,"2015","Southern California"
"613",1003,"Chuckwalla",6.2,1.6,0,7.8,6.2,1.7,0,"2015","Southern California"
"614",1004,"Colorado River",3.3,11.2,0,14.5,590.3,12.4,0,"2015","Southern California"
"615",1005,"Borrego",13.9,5.2,0,19.1,42,7.7,0,"2015","Southern California"
"616",1006,"Imperial Valley",0,0.1,0,0.1,2486.2,55.3,44.5,"2015","Southern California"
